Reward_Type,Reward_Name,Alpha,Planning_Steps,Final_Env_Reward_Mean,Final_Env_Reward_CI95,Final_Success_Rate_Mean,Final_Success_Rate_CI95,Final_Illegal_Actions_Mean,Final_Illegal_Actions_CI95
base,Base Environment Reward,0.2,2,-20.644,5.2996225399173476,0.9960000000000001,0.007840000000000007,0.572,0.09325975766642329
base,Base Environment Reward,0.2,10,-21.92,4.8650184920511865,1.0,0.0,0.572,0.11401743024643207
base,Base Environment Reward,0.8,2,2.724,2.66301615947031,1.0,0.0,0.13999999999999999,0.1385929291125633
base,Base Environment Reward,0.8,10,1.7240000000000002,3.476122855366306,1.0,0.0,0.14,0.07333648478076926
reward_4,Subgoal Safety Reward,0.2,2,-197.24,11.076736723782869,0.048,0.04400189086846154,0.664,0.31540778937749775
reward_4,Subgoal Safety Reward,0.2,10,-200.34,4.675132087117963,0.036,0.022857331427793576,0.724,0.22119362016116104
reward_4,Subgoal Safety Reward,0.8,2,-98.01599999999999,58.53320241580499,0.648,0.16933311076100857,3.096,2.3978867816475407
reward_4,Subgoal Safety Reward,0.8,10,-211.36800000000002,35.01607356866844,0.26,0.11694484169898214,6.836,1.788413811621908
