Reward_Type,Reward_Name,Alpha,Planning_Steps,Final_Env_Reward_Mean,Final_Env_Reward_CI95,Final_Success_Rate_Mean,Final_Success_Rate_CI95,Final_Illegal_Actions_Mean,Final_Illegal_Actions_CI95
base,Base Environment Reward,0.2,2,-128.35999999999999,21.33213792867466,0.9119999999999999,0.03840799916684022,7.848000000000001,1.3025730007949654
base,Base Environment Reward,0.2,10,-126.508,11.968323013288035,0.8960000000000001,0.01920399958342013,7.5920000000000005,0.756326388803141
base,Base Environment Reward,0.8,2,-109.756,15.371141268546067,0.9400000000000001,0.030364189434266126,7.24,0.9016852133643979
base,Base Environment Reward,0.8,10,-91.47999999999999,21.48714665617564,0.968,0.026586733533851034,6.156000000000001,1.4121470155759281
reward_4,Subgoal Safety Reward,0.2,2,-292.71999999999997,13.144941324783467,0.068,0.04400189086846155,11.372,0.5425483926803215
reward_4,Subgoal Safety Reward,0.2,10,-293.584,14.13127867595853,0.044,0.06123235745910817,11.203999999999999,0.5322257205359395
reward_4,Subgoal Safety Reward,0.8,2,-107.56400000000001,12.477024400136434,0.9119999999999999,0.03635258450234314,6.864,0.6099852535922488
reward_4,Subgoal Safety Reward,0.8,10,-112.92,14.398405998443025,0.8960000000000001,0.06946257697494383,7.048,0.6200047277239102
